epoch,steps,cosine_pearson,cosine_spearman,euclidean_pearson,euclidean_spearman,manhattan_pearson,manhattan_spearman,dot_pearson,dot_spearman
0,500,0.24508438738267185,0.1589027760615716,0.20172268019753703,0.15514893830163065,0.1994370991048668,0.15066011239621452,0.23890575627040447,0.14923166085924583
0,1000,0.26165518916445063,0.17342398252895383,0.20702740994360733,0.1654719921414683,0.20478680775919772,0.15970420386196363,0.24483424519397537,0.16028555036916048
0,-1,0.2583897853080648,0.19566048828612623,0.2417350735478276,0.1907979395948753,0.24126422758307944,0.18760468612774123,0.22463161419569258,0.17628088560289118
